Season,Hero,Role,Assists,Critical Hit Kills,Critical Hits,Damage Done,Deaths,Defensive Assists,Eliminations,Final Blows,Games Played,Games Won,Healing Done,Hero Damage Done,Hero Wins,Kill Streak - Best,Obj Contest Time,Objective Kills,Objective Time,Offensive Assists,Self Healing,Solo Kills,Time Played,Time Spent on Fire
Season 01,Hanzo,Damage,0,0,0,649,1,0,0,0,0,0,0,649,0,0,0,0,0,0,0,0,35,0
Season 01,Lúcio,Support,7,1,20,4757,8,9,10,3,1,0,9920,4472,0,4,42,4,109,4,2063,0,591,0
Season 01,Mercy,Support,11,0,1,60,5,11,0,0,1,0,6658,60,0,0,7,0,37,5,1119,0,416,0
Season 01,Moira,Support,24,0,0,7205,7,22,29,5,2,1,15725,5704,1,16,28,11,216,0,2069,0,898,0
Season 01,Soldier 76,Damage,8,1,23,13353,11,7,23,15,2,1,2230,8466,1,6,19,7,27,0,1347,1,633,0
Season 01,Sombra,Damage,2,0,3,3057,3,0,2,0,1,0,0,2616,0,1,16,1,39,1,0,0,249,0
Season 02,Ana,Support,203,0,0,103300,170,326,267,64,25,12,227999,78432,12,10,831,143,1829,224,4096,5,16914,0
Season 02,Ashe,Damage,37,9,55,44901,31,0,64,26,4,1,0,34920,1,14,174,22,445,0,0,4,2573,0
Season 02,Baptiste,Support,102,9,205,50459,61,201,142,40,9,6,111317,39779,6,10,258,70,777,32,7823,3,6698,0
Season 02,Bastion,Damage,203,18,356,318899,163,0,426,223,19,9,0,223761,9,21,619,204,1719,0,0,21,12001,0
Season 02,Brigitte,Support,17,0,0,3752,3,28,23,5,1,1,6711,3402,1,13,43,7,56,7,1283,1,419,0
Season 02,Cassidy,Damage,24,4,23,30297,18,0,58,34,3,1,0,24429,1,8,84,25,277,0,0,7,1696,0
Season 02,D.Va,Tank,13,2,293,13158,6,0,25,12,1,1,0,7973,1,10,43,6,43,0,0,1,585,0
Season 02,Echo,Damage,12,0,34,11905,8,0,16,4,1,0,0,8309,0,8,86,12,112,0,0,1,607,0
Season 02,Genji,Damage,0,0,1,1411,1,0,0,0,0,0,0,638,0,0,0,0,0,0,0,0,74,0
Season 02,Hanzo,Damage,166,123,294,248965,144,0,467,301,19,10,0,209434,10,16,346,166,1090,0,0,64,13498,0
Season 02,Junker Queen,Tank,65,0,0,43903,28,0,104,39,4,3,7541,40392,3,16,574,55,617,0,6472,3,2785,0
Season 02,Junkrat,Damage,111,0,0,127092,65,0,224,113,10,6,0,95312,6,16,113,69,330,55,0,26,6007,0
Season 02,Kiriko,Support,139,23,160,59875,196,785,194,55,38,19,447508,46292,19,6,1329,91,2591,281,0,5,24416,0
Season 02,Lúcio,Support,178,7,253,83802,85,203,217,36,15,9,151475,58202,9,11,862,100,1274,81,24566,3,10002,0
Season 02,Mei,Damage,8,0,0,28155,8,0,20,12,1,1,1120,6111,1,10,78,6,85,6,1120,2,591,0
Season 02,Mercy,Support,13,2,14,2441,164,660,17,4,26,12,344249,1964,12,3,824,4,1843,190,32922,1,18855,0
Season 02,Moira,Support,467,0,0,165251,161,644,620,153,35,18,365569,146737,18,15,1850,346,2966,0,43977,10,20752,0
Season 02,Orisa,Tank,141,0,0,147797,80,0,222,78,10,4,0,119244,4,12,887,109,1417,62,0,5,6765,0
Season 02,Pharah,Damage,6,0,0,3323,4,0,8,2,0,0,0,3012,0,8,6,2,24,0,0,2,287,0
Season 02,Ramattra,Tank,29,1,241,35325,19,0,47,18,2,1,0,30969,1,8,227,16,427,11,0,0,1678,0
Season 02,Reaper,Damage,40,12,913,43675,36,0,93,53,5,1,7383,38884,1,15,295,39,500,0,7383,10,2753,0
Season 02,Reinhardt,Tank,14,0,0,23419,13,0,39,25,2,1,0,21298,1,13,324,18,552,6,0,2,1360,0
Season 02,Roadhog,Tank,53,15,1088,65345,44,0,120,62,5,3,30531,56557,3,15,440,58,1067,18,30531,1,3783,0
Season 02,Sigma,Tank,81,0,0,76386,33,0,127,45,6,4,0,67785,4,12,449,52,866,24,0,7,3528,0
Season 02,Sojourn,Damage,89,0,0,98285,65,0,170,81,7,3,0,76863,3,13,191,82,539,0,0,6,5058,0
Season 02,Soldier 76,Damage,246,27,969,273394,184,115,473,227,23,8,44821,216867,8,16,887,214,1628,0,21840,23,14339,0
Season 02,Sombra,Damage,2,1,4,595,1,0,4,2,0,0,250,565,0,4,5,1,5,1,0,0,111,0
Season 02,Symmetra,Damage,32,0,0,19685,15,0,57,25,2,1,0,18600,1,17,125,35,135,0,0,3,1173,0
Season 02,Torbjörn,Damage,26,5,56,32929,14,0,48,22,3,2,0,25163,2,8,32,20,58,0,0,4,1535,0
Season 02,Widowmaker,Damage,1,7,13,6097,7,0,10,9,1,0,0,5476,0,3,1,1,7,0,0,5,477,0
Season 02,Winston,Tank,9,0,0,4601,4,0,11,2,1,0,0,3709,0,4,53,6,53,0,0,0,339,0
Season 02,Zenyatta,Support,53,6,51,35195,38,118,74,21,4,1,46134,27662,1,10,56,31,429,65,948,3,3453,0
Season 03,Ana,Support,300,0,0,142425,184,471,395,95,32,14,326394,106632,14,14,573,179,2392,336,8080,4,22736,0
Season 03,Ashe,Damage,107,51,199,158665,107,0,254,147,13,7,0,130353,7,10,314,88,921,0,0,19,9215,0
Season 03,Baptiste,Support,92,13,171,59576,84,246,145,53,13,7,160444,42993,7,9,566,76,1381,33,13518,7,9133,0
Season 03,Bastion,Damage,386,21,639,649936,247,0,770,384,30,16,0,433958,16,17,827,332,2861,0,0,41,23300,0
Season 03,Brigitte,Support,17,0,0,9914,13,39,28,9,2,2,16334,8795,2,5,102,13,112,10,2313,2,1141,0
Season 03,Cassidy,Damage,78,19,92,104718,63,0,180,102,11,6,0,90052,6,13,184,55,260,0,0,10,5489,0
Season 03,Hanzo,Damage,78,45,97,95768,61,0,188,110,8,6,0,73929,6,20,280,73,623,0,0,17,5981,0
Season 03,Junkrat,Damage,6,0,0,10934,7,0,19,12,1,0,0,7398,0,6,31,13,49,5,0,1,540,0
Season 03,Kiriko,Support,181,26,195,86387,177,641,256,75,34,14,390157,63970,14,12,1151,112,2690,219,0,5,22416,0
Season 03,Lúcio,Support,192,6,181,72264,86,185,225,31,17,10,151822,54989,10,10,1265,111,1466,124,23784,1,9670,0
Season 03,Mei,Damage,122,0,0,321469,70,0,189,67,9,4,9983,73309,4,14,778,92,832,89,9983,3,6083,0
Season 03,Mercy,Support,19,1,13,4255,69,335,31,12,15,9,164388,3273,9,2,440,12,834,117,10117,1,9645,0
Season 03,Moira,Support,462,0,0,170824,160,695,602,140,33,15,447454,149168,15,17,1276,297,2671,0,57067,14,21859,0
Season 03,Orisa,Tank,11,0,0,8178,4,0,18,6,1,0,0,6968,0,6,184,12,184,6,0,1,418,0
Season 03,Pharah,Damage,22,0,0,25215,16,0,38,16,2,2,0,21863,2,7,32,19,90,0,0,4,1508,0
Season 03,Ramattra,Tank,15,1,107,16190,6,0,26,11,2,1,372,12363,1,9,103,12,187,5,0,0,641,0
Season 03,Reaper,Damage,38,7,994,57836,46,0,96,58,5,2,8030,50375,2,9,311,43,352,0,8030,14,3359,0
Season 03,Reinhardt,Tank,13,0,0,17332,13,0,39,26,1,0,0,15577,0,9,102,11,217,3,0,2,1085,0
Season 03,Sigma,Tank,2,0,0,6199,4,0,4,2,0,0,0,4534,0,3,13,2,17,1,0,0,230,0
Season 03,Sojourn,Damage,85,0,0,104994,54,0,166,81,8,5,0,86805,5,16,466,77,655,0,0,7,5332,0
Season 03,Soldier 76,Damage,204,14,689,216224,109,78,407,203,16,10,30303,180970,10,18,653,174,1405,0,13510,32,11226,0
Season 03,Sombra,Damage,0,0,4,259,0,0,1,1,0,0,0,244,0,1,6,1,6,0,0,0,35,0
Season 03,Symmetra,Damage,65,0,0,50577,34,0,129,64,6,4,0,40619,4,12,213,61,258,0,0,9,2990,0
Season 03,Torbjörn,Damage,12,0,22,17007,9,0,25,13,1,0,0,14667,0,7,62,11,66,0,0,2,871,0
Season 03,Tracer,Damage,10,1,75,6270,7,0,17,7,1,0,0,5174,0,6,60,9,62,0,314,1,436,0
Season 03,Widowmaker,Damage,5,7,12,4319,7,0,12,7,1,0,0,3547,0,5,2,1,6,0,0,2,495,0
Season 03,Winston,Tank,3,0,0,2226,2,0,4,1,0,0,0,1901,0,2,49,3,49,0,0,0,105,0
Season 03,Zarya,Tank,0,0,0,794,2,0,0,0,0,0,0,794,0,0,1,0,1,0,0,0,83,0
Season 03,Zenyatta,Support,197,18,134,124239,101,387,306,109,14,8,122211,93111,8,15,348,130,890,221,2232,9,9901,0
Season 04,Ana,Support,96,0,0,41339,64,156,120,24,11,5,115690,31155,5,10,264,61,1105,97,2751,2,7854,0
Season 04,Ashe,Damage,114,44,215,174686,106,0,245,131,13,5,0,143495,5,12,268,92,740,0,0,23,9371,0
Season 04,Baptiste,Support,49,6,75,28500,26,145,80,31,6,4,69364,23549,4,13,137,43,500,20,4309,4,4025,0
Season 04,Bastion,Damage,248,16,395,411273,168,0,530,282,25,10,0,291386,10,15,544,206,2603,0,0,28,16116,0
Season 04,Brigitte,Support,24,0,0,7336,11,38,32,8,1,1,14739,6670,1,6,129,16,158,18,2265,2,924,0
Season 04,Cassidy,Damage,46,10,55,58797,46,0,118,72,7,4,0,49967,4,9,202,53,429,0,0,8,3939,0
Season 04,Doomfist,Tank,6,0,29,3933,6,0,10,4,1,0,0,3336,0,4,59,3,59,0,0,0,416,0
Season 04,Hanzo,Damage,70,45,105,120047,75,0,183,113,11,5,0,88609,5,10,111,56,488,0,0,34,6798,0
Season 04,Junker Queen,Tank,25,0,0,19861,8,0,36,11,2,1,3478,14695,1,6,242,16,253,0,3478,0,911,0
Season 04,Junkrat,Damage,0,0,0,2086,3,0,1,1,0,0,0,1966,0,1,0,0,0,0,0,1,188,0
Season 04,Kiriko,Support,69,21,92,39377,122,388,114,45,18,9,237991,32126,9,6,698,58,1613,137,0,6,13828,0
Season 04,Lúcio,Support,60,4,37,18316,16,60,73,12,4,3,31800,15187,3,13,279,45,306,45,5028,0,2291,0
Season 04,Mei,Damage,197,0,0,518546,101,0,352,155,16,11,15597,118441,11,14,830,147,1261,122,15597,17,10257,0
Season 04,Mercy,Support,8,5,22,4059,49,181,16,8,8,5,103546,3293,5,6,224,6,464,81,6309,1,5769,0
Season 04,Moira,Support,497,0,0,171585,125,793,651,154,33,21,425951,150570,21,22,1872,323,2718,0,49291,17,19968,0
Season 04,Pharah,Damage,2,0,0,3567,4,0,2,0,0,0,0,3398,0,2,0,0,0,0,0,0,220,0
Season 04,Ramattra,Tank,38,0,270,54278,13,0,75,37,3,1,676,41364,1,19,422,45,672,12,0,1,1962,0
Season 04,Reaper,Damage,48,16,1058,73678,49,0,130,82,5,1,9741,57822,1,10,325,58,628,0,9741,13,3995,0
Season 04,Reinhardt,Tank,19,0,0,28592,18,0,38,19,2,1,0,23269,1,8,124,12,288,5,0,1,1666,0
Season 04,Sigma,Tank,23,0,0,26342,9,0,41,18,2,1,0,22185,1,8,191,25,382,9,0,1,1246,0
Season 04,Soldier 76,Damage,92,8,361,124354,58,31,177,85,9,3,16683,97330,3,10,365,77,786,0,8174,13,6150,0
Season 04,Sombra,Damage,0,0,1,583,1,0,0,0,0,0,130,583,0,0,0,0,0,0,0,0,79,0
Season 04,Symmetra,Damage,281,0,0,245519,145,0,502,221,22,13,0,199310,13,16,885,223,1168,0,0,23,14235,0
Season 04,Torbjörn,Damage,8,2,44,13957,7,0,19,11,1,1,0,10647,1,6,28,10,28,0,0,2,651,0
Season 04,Widowmaker,Damage,18,42,72,28791,24,0,75,57,4,3,0,26824,3,9,7,12,59,0,0,21,2216,0
Season 04,Winston,Tank,13,0,0,7801,4,0,20,7,1,0,0,7058,0,11,95,12,153,0,0,0,561,0
Season 04,Wrecking Ball,Tank,1,0,3,195,2,0,1,0,0,0,0,195,0,1,5,0,5,0,0,0,50,0
Season 04,Zenyatta,Support,31,4,26,28900,25,70,56,25,4,2,29146,20861,2,7,58,29,397,36,528,3,2467,0
Season 05,Ana,Support,3,0,0,2094,1,3,4,1,0,0,1615,1332,0,4,0,1,0,4,0,0,229,0
Season 05,Ashe,Damage,61,22,117,107458,51,0,140,79,6,3,0,83344,3,9,184,63,739,0,0,16,4920,1085
Season 05,Baptiste,Support,2,0,6,1350,3,4,3,1,0,0,2628,1350,0,2,8,3,76,0,432,0,259,0
Season 05,Bastion,Damage,101,3,181,233023,102,0,238,137,11,4,0,144802,4,16,304,95,1221,0,0,7,8217,1880
Season 05,Brigitte,Support,3,0,0,3053,3,12,5,2,0,0,3535,2285,0,3,18,2,18,3,797,0,233,15
Season 05,Cassidy,Damage,15,3,16,18531,15,0,34,19,2,2,0,15341,2,8,22,13,33,0,0,1,1133,182
Season 05,D.Va,Tank,5,1,192,3768,1,0,9,4,0,0,0,3426,0,5,1,2,9,0,0,0,188,0
Season 05,Genji,Damage,2,0,4,2520,3,0,3,1,0,0,0,1988,0,3,1,1,3,0,0,0,162,0
Season 05,Hanzo,Damage,14,11,23,23264,14,0,37,23,2,1,0,18711,1,8,51,15,78,0,0,6,1288,254
Season 05,Junker Queen,Tank,26,0,0,20103,12,0,34,7,2,1,3875,18054,1,8,89,6,250,0,3875,0,1100,129
Season 05,Junkrat,Damage,1,0,0,2211,1,0,2,1,0,0,0,1066,0,2,0,2,0,0,0,1,61,0
Season 05,Kiriko,Support,14,3,21,7271,22,63,23,9,2,2,30959,6211,2,6,117,13,479,22,0,0,2129,110
Season 05,Lúcio,Support,4,2,6,1839,4,3,6,2,0,0,3609,1674,0,6,30,3,115,1,701,0,271,26
Season 05,Mei,Damage,92,0,0,213935,46,0,154,62,6,4,6954,50447,4,13,589,93,925,69,6954,8,4369,979
Season 05,Mercy,Support,1,0,1,1013,17,54,3,2,3,1,40044,658,1,1,136,3,181,28,2879,0,2059,439
Season 05,Moira,Support,50,0,0,24796,33,88,63,13,5,1,63532,21526,1,11,309,35,587,0,10021,2,2986,629
Season 05,Orisa,Tank,4,0,0,11227,1,0,9,5,1,0,0,6365,0,5,78,5,81,3,0,0,335,77
Season 05,Ramattra,Tank,48,2,351,63547,26,0,87,39,3,2,1473,52564,2,17,397,40,728,16,0,1,2454,492
Season 05,Reaper,Damage,33,7,737,51116,34,0,78,45,4,1,7747,42487,1,16,273,32,316,0,7747,7,2634,431
Season 05,Reinhardt,Tank,14,0,0,20558,12,0,37,23,2,2,0,18503,2,8,119,18,152,3,0,2,1138,292
Season 05,Sigma,Tank,360,0,0,412576,132,0,631,269,26,17,0,323913,17,22,3286,353,5744,94,0,18,18189,5435
Season 05,Soldier 76,Damage,6,4,74,25789,22,10,29,23,2,0,3653,23546,0,5,47,9,72,0,2236,3,1463,187
Season 05,Symmetra,Damage,17,0,0,19790,16,0,29,12,2,0,55,16775,0,5,98,13,106,0,0,4,1045,229
Season 05,Winston,Tank,4,0,0,5553,5,0,4,0,0,0,0,5490,0,3,65,2,160,0,0,0,340,51
Season 05,Zarya,Tank,15,0,0,15383,7,11,22,7,1,1,0,13839,1,10,157,14,159,1,0,0,712,169
Season 05,Zenyatta,Support,6,0,6,4776,4,15,10,4,1,1,3881,3876,1,6,25,6,25,7,139,2,408,27
Season 06,Ana,Support,85,0,0,32070,55,133,119,34,13,6,94302,26173,6,9,395,63,862,96,1843,4,6543,904
Season 06,Ashe,Damage,134,18,172,154557,90,0,232,98,13,5,0,133066,5,13,300,90,837,0,0,14,8614,944
Season 06,Baptiste,Support,10,1,16,3692,6,14,14,4,1,1,7627,3228,1,4,16,6,43,2,579,1,631,1
Season 06,Bastion,Damage,191,13,239,291588,100,0,387,196,16,9,5306,209170,9,23,531,197,2120,0,0,8,11472,2670
Season 06,Brigitte,Support,19,0,0,7319,10,36,23,4,2,1,14583,6199,1,7,128,12,141,16,2154,0,902,180
Season 06,Cassidy,Damage,55,8,70,68755,54,0,115,60,7,5,0,62577,5,11,174,46,236,0,0,12,4837,443
Season 06,D.Va,Tank,9,0,99,4926,2,0,12,3,0,0,0,4821,0,9,16,3,16,0,0,0,279,48
Season 06,Doomfist,Tank,60,4,496,64970,37,0,126,64,6,2,0,58908,2,14,545,44,729,0,0,3,3723,553
Season 06,Echo,Damage,6,0,10,4151,5,0,10,4,1,0,2,3168,0,5,17,5,21,0,0,0,350,36
Season 06,Genji,Damage,2,0,11,4987,5,0,3,1,1,1,0,3683,1,1,11,2,14,0,0,0,368,8
Season 06,Hanzo,Damage,70,37,95,96582,64,0,188,118,10,6,0,86362,6,10,206,60,570,0,0,27,6461,806
Season 06,Illari,Support,109,15,134,77473,96,0,195,85,14,6,155070,64315,6,11,444,81,1368,19,10255,9,9657,938
Season 06,Junker Queen,Tank,28,0,0,29913,14,0,56,28,3,2,5131,25389,2,10,269,26,297,0,5131,2,1445,314
Season 06,Junkrat,Damage,9,0,0,11851,6,0,16,7,1,1,0,10051,1,6,15,2,17,1,0,4,559,1
Season 06,Kiriko,Support,12,4,14,6257,20,79,19,7,4,2,53009,5263,2,6,167,11,480,24,0,1,2885,247
Season 06,Lifeweaver,Support,31,0,125,8444,46,213,37,6,11,6,145468,7647,6,5,376,21,804,0,7556,0,7431,265
Season 06,Lúcio,Support,17,0,44,8423,12,19,20,3,1,0,18402,7413,0,5,167,14,246,8,3598,0,1172,133
Season 06,Mei,Damage,81,0,0,225081,51,0,134,53,7,2,6951,50288,2,7,579,68,940,49,6951,3,4711,733
Season 06,Mercy,Support,37,0,0,309,6,33,2,2,1,1,13526,289,1,1,34,0,80,17,990,0,848,73
Season 06,Moira,Support,183,0,0,73838,71,306,253,70,13,7,188715,63904,7,19,729,119,1294,0,28210,4,9377,1098
Season 06,Orisa,Tank,6,0,0,5604,4,0,7,1,1,0,0,4174,0,4,26,6,27,5,0,0,285,2
Season 06,Pharah,Damage,7,0,0,10937,9,0,14,7,1,1,0,10179,1,3,5,1,5,0,0,6,702,73
Season 06,Ramattra,Tank,79,2,516,84444,39,0,137,58,5,2,871,66744,2,14,531,64,996,27,0,2,4085,620
Season 06,Reaper,Damage,38,7,587,35664,24,0,68,30,3,2,5095,29520,2,8,151,31,250,0,5095,5,2065,336
Season 06,Reinhardt,Tank,12,0,0,19365,14,0,27,15,1,0,0,14929,0,11,133,10,163,4,0,1,1162,151
Season 06,Roadhog,Tank,2,0,67,2570,4,0,2,0,0,0,1632,2570,0,2,20,0,72,1,1632,0,232,0
Season 06,Sigma,Tank,281,0,0,328582,108,0,515,233,21,13,0,269427,13,17,2655,278,5899,77,0,16,15369,4031
Season 06,Sojourn,Damage,69,0,0,79519,42,0,124,55,7,1,0,64644,1,15,175,44,275,0,0,6,4160,561
Season 06,Soldier 76,Damage,139,17,455,166493,76,52,273,134,11,7,23547,141031,7,18,357,108,785,0,11743,13,8196,1193
Season 06,Sombra,Damage,0,0,10,419,1,0,1,1,0,0,25,419,0,1,3,0,5,0,0,0,68,0
Season 06,Symmetra,Damage,204,0,0,172058,93,0,343,139,16,10,720,142822,10,17,592,148,977,0,0,13,9822,1696
Season 06,Torbjörn,Damage,26,6,51,36335,16,0,50,24,3,1,0,30846,1,9,80,20,166,0,0,3,1766,269
Season 06,Tracer,Damage,16,0,142,7993,5,0,23,7,1,1,0,7047,1,10,12,4,61,0,675,2,637,75
Season 06,Widowmaker,Damage,14,8,11,9682,13,0,28,14,2,1,0,8668,1,7,6,8,52,0,0,4,1142,64
Season 06,Winston,Tank,3,0,0,5163,7,0,4,1,1,0,0,4527,0,2,67,4,73,0,0,0,457,31
Season 06,Zarya,Tank,21,0,0,37736,18,7,35,14,2,0,0,32387,0,9,214,18,369,4,0,0,1593,200
Season 07,Ana,Support,70,0,0,33836,60,128,98,28,9,3,97457,26437,3,6,314,35,840,84,1066,2,6396,512
Season 07,Ashe,Damage,18,4,21,22737,14,0,31,13,2,1,0,18619,1,8,39,9,173,0,0,0,1252,74
Season 07,Baptiste,Support,1,0,0,645,1,7,2,1,0,0,2504,558,0,2,1,1,1,1,112,0,134,14
Season 07,Bastion,Damage,63,7,74,98311,40,0,134,71,6,4,0,70289,4,10,186,70,504,0,0,5,3900,512
Season 07,Brigitte,Support,1,0,0,231,1,2,1,0,0,0,991,196,0,1,2,0,2,0,92,0,79,0
Season 07,Cassidy,Damage,41,4,66,67127,50,0,101,60,7,2,0,55861,2,16,272,41,315,0,0,3,4176,581
Season 07,Doomfist,Tank,37,2,338,36652,26,0,59,22,3,2,0,31977,2,10,297,27,333,0,0,0,2109,263
Season 07,Hanzo,Damage,185,123,256,246335,135,0,483,298,20,10,0,205908,10,18,557,183,1883,0,0,56,14915,2423
Season 07,Illari,Support,9,2,12,7932,14,0,17,8,2,0,16350,6224,0,5,24,4,78,1,1001,1,1140,59
Season 07,Kiriko,Support,25,5,23,10829,61,178,36,11,10,6,108534,8729,6,4,531,19,911,57,0,1,6210,360
Season 07,Lifeweaver,Support,13,2,54,3987,30,96,21,8,5,2,57857,3040,2,4,185,13,282,0,3210,0,3397,186
Season 07,Lúcio,Support,1,0,0,30,1,1,1,0,1,1,537,30,1,1,5,0,5,1,44,0,262,0
Season 07,Mei,Damage,11,0,0,49593,12,0,21,10,2,0,2001,11118,0,7,49,5,63,10,2001,0,952,142
Season 07,Mercy,Support,2,0,2,670,15,34,4,2,1,1,19489,550,1,1,25,0,140,16,918,0,1266,60
Season 07,Moira,Support,48,0,0,16401,16,57,61,13,2,0,39272,15562,0,13,65,21,87,0,6359,0,1904,166
Season 07,Orisa,Tank,2,0,14,1463,3,0,2,0,0,0,0,1463,0,1,0,1,2,2,0,0,189,0
Season 07,Ramattra,Tank,7,0,138,16935,7,0,19,12,1,0,99,12748,0,9,52,9,182,0,0,0,733,119
Season 07,Reaper,Damage,15,7,450,25778,13,0,37,22,2,1,3084,18904,1,7,366,21,427,0,3084,6,1327,184
Season 07,Reinhardt,Tank,2,0,0,1253,2,0,2,0,0,0,0,1253,0,2,71,1,71,0,0,0,150,0
Season 07,Sigma,Tank,34,0,0,43248,14,0,64,30,3,2,0,37482,2,12,212,36,468,3,0,1,1990,398
Season 07,Sojourn,Damage,11,0,43,13569,9,0,15,4,1,0,0,10983,0,7,71,6,74,0,0,0,666,61
Season 07,Soldier 76,Damage,112,3,263,119848,58,39,221,109,9,5,16266,98447,5,15,498,96,890,0,9017,8,5970,935
Season 07,Sombra,Damage,28,1,80,12553,8,0,44,16,2,1,408,11562,1,13,54,25,127,23,0,2,1094,192
Season 07,Symmetra,Damage,19,0,0,23147,17,0,31,12,2,0,72,19386,0,7,82,11,94,0,0,0,1459,104
Season 07,Widowmaker,Damage,0,0,1,459,1,0,0,0,0,0,0,459,0,0,5,0,13,0,0,0,52,0
Season 07,Wrecking Ball,Tank,1,0,2,651,1,0,1,0,0,0,0,526,0,1,18,0,18,0,0,0,40,0
Season 07,Zarya,Tank,1,0,0,396,1,2,2,2,0,0,0,396,0,2,40,2,40,0,0,0,85,18
Season 07,Zenyatta,Support,4,1,3,2254,2,7,7,3,0,0,1877,1918,0,4,11,3,55,3,53,0,198,9
Season 08,Ana,Support,93,0,0,44971,84,181,119,26,15,6,139495,34723,6,6,536,58,1235,110,2293,0,9880,1148
Season 08,Ashe,Damage,216,53,321,302759,176,0,480,264,22,14,0,258454,14,15,551,149,1940,0,0,34,16047,2419
Season 08,Baptiste,Support,49,2,52,22460,57,129,60,11,9,4,86663,16773,4,15,139,24,262,21,6782,1,5264,425
Season 08,Bastion,Damage,82,5,77,106178,52,0,158,76,6,3,0,75575,3,11,276,68,756,0,0,5,4881,931
Season 08,Brigitte,Support,4,0,0,5243,10,9,5,0,1,0,9342,4458,0,4,51,2,57,3,1470,1,608,52
Season 08,Cassidy,Damage,120,27,135,145451,83,0,265,145,13,7,0,125873,7,11,430,104,571,0,0,11,8508,1346
Season 08,Doomfist,Tank,36,6,289,39163,30,0,63,27,4,2,1139,33517,2,6,412,25,503,0,0,3,2671,298
Season 08,Echo,Damage,8,2,32,6046,5,0,16,8,1,0,0,6046,0,7,19,2,70,0,0,1,460,57
Season 08,Genji,Damage,4,0,3,3504,2,0,5,1,0,0,0,2548,0,3,13,2,15,0,0,0,155,48
Season 08,Hanzo,Damage,124,115,276,221213,143,0,388,264,22,10,0,180665,10,14,245,107,1329,0,0,63,14491,2059
Season 08,Illari,Support,9,1,12,7187,11,0,15,6,2,1,18220,6316,1,4,41,3,62,1,1012,1,1044,25
Season 08,Junker Queen,Tank,30,8,328,38448,16,0,71,41,3,1,8125,34369,1,11,240,25,275,0,8125,4,1827,431
Season 08,Junkrat,Damage,42,0,0,71133,24,0,106,63,6,5,0,53613,5,18,119,28,149,26,0,19,3739,615
Season 08,Kiriko,Support,52,14,54,20159,67,333,87,35,15,8,208201,17054,8,6,507,43,1285,122,0,1,10112,1436
Season 08,Lifeweaver,Support,42,3,176,11647,71,404,58,16,16,9,244533,10067,9,7,249,30,1177,0,11979,0,12108,1340
Season 08,Lúcio,Support,29,1,29,7130,11,30,36,7,2,2,19628,6576,2,8,56,7,70,24,3907,0,1340,151
Season 08,Mauga,Tank,0,0,11,655,1,0,0,0,0,0,49,487,0,0,8,0,8,0,49,0,72,0
Season 08,Mei,Damage,152,0,0,445844,86,0,279,127,14,5,15223,110046,5,12,1163,128,1544,84,15223,13,9042,1817
Season 08,Mercy,Support,12,4,20,3285,53,229,19,7,9,4,127437,2919,4,4,223,7,570,102,7866,1,7180,1725
Season 08,Moira,Support,302,0,0,114006,129,476,407,105,22,11,309472,102522,11,14,1000,189,1695,0,39233,6,14627,2412
Season 08,Orisa,Tank,14,0,76,17790,10,0,25,11,1,1,0,14165,1,6,156,18,259,4,0,1,824,106
Season 08,Pharah,Damage,0,0,0,175,2,0,0,0,0,0,0,175,0,0,0,0,0,0,0,0,73,0
Season 08,Ramattra,Tank,11,0,147,16065,12,0,25,14,2,0,367,14692,0,6,192,11,227,3,0,1,1001,141
Season 08,Reaper,Damage,81,11,1287,90175,46,0,168,87,8,4,13496,72576,4,10,378,58,601,0,13496,13,4676,697
Season 08,Reinhardt,Tank,3,0,0,8714,8,0,9,6,1,0,0,6828,0,4,30,3,64,0,0,1,502,45
Season 08,Roadhog,Tank,4,0,13,3262,1,0,6,1,0,0,1885,2217,0,6,45,5,53,1,1885,0,204,32
Season 08,Sigma,Tank,177,0,0,167255,58,0,298,121,12,6,0,138322,6,15,1363,159,2068,50,0,5,7940,1857
Season 08,Sojourn,Damage,18,0,96,20223,12,0,31,13,2,1,0,17326,1,6,49,10,54,0,0,0,1500,80
Season 08,Soldier 76,Damage,272,26,796,339107,189,66,566,294,27,13,46447,275997,13,14,634,198,1040,0,27065,40,17954,2703
Season 08,Sombra,Damage,71,11,268,48400,47,0,125,54,7,2,1461,44806,2,13,259,50,459,63,0,6,4672,502
Season 08,Symmetra,Damage,19,0,0,26780,15,0,31,12,2,0,109,21680,0,9,50,8,50,0,0,2,1490,306
Season 08,Torbjörn,Damage,11,2,14,11686,5,0,19,8,1,1,0,8462,1,7,26,9,36,0,0,2,680,122
Season 08,Tracer,Damage,46,5,453,37935,35,0,89,43,5,1,0,33175,1,10,199,31,265,0,3107,5,3210,396
Season 08,Widowmaker,Damage,35,34,71,39078,31,0,94,59,5,2,0,34905,2,9,7,21,134,0,0,16,3613,360
Season 08,Winston,Tank,8,0,0,5781,4,0,8,0,1,0,0,4954,0,7,103,3,103,0,0,0,389,79
Season 08,Zarya,Tank,6,0,0,5634,6,2,6,0,0,0,0,5248,0,3,70,6,72,2,0,0,351,30
Season 08,Zenyatta,Support,28,2,21,22470,20,70,40,12,3,2,23025,18245,2,7,106,14,149,35,1084,2,1938,329
Season 09,Ana,Support,137,0,0,69165,115,246,166,29,16,6,207377,52435,6,8,296,72,1621,161,4445,0,12888,1649
Season 09,Ashe,Damage,254,45,447,311728,130,0,471,216,18,9,0,268117,9,16,288,149,1011,0,0,32,14067,2509
Season 09,Baptiste,Support,185,26,488,119325,147,485,297,112,24,14,288532,99037,14,10,564,126,1715,66,21054,6,16899,2517
Season 09,Bastion,Damage,166,13,284,263485,99,0,345,179,13,5,0,194432,5,17,370,147,1391,0,0,19,9793,2191
Season 09,Brigitte,Support,12,0,0,5925,16,30,17,5,1,1,15008,5238,1,5,41,3,47,9,1954,1,1045,95
Season 09,Cassidy,Damage,230,44,374,294649,173,0,504,274,26,12,0,263174,12,24,762,188,1065,0,0,35,16143,2999
Season 09,D.Va,Tank,126,10,3800,125746,43,0,221,94,7,4,0,101953,4,21,638,57,1121,0,0,10,5467,1392
Season 09,Doomfist,Tank,50,9,495,48869,23,0,86,35,4,3,1305,42922,3,12,185,33,399,0,0,3,2206,489
Season 09,Echo,Damage,53,4,302,70952,32,0,106,53,6,4,1700,60561,4,12,135,35,255,0,0,4,3648,557
Season 09,Genji,Damage,0,0,8,2144,2,0,1,1,0,0,0,1994,0,1,16,0,16,0,0,0,195,10
Season 09,Hanzo,Damage,71,41,166,120132,72,0,183,112,7,2,0,103566,2,13,129,61,638,0,0,14,6081,1031
Season 09,Illari,Support,34,6,57,23736,31,0,62,27,4,2,54636,21825,2,13,50,24,55,6,2678,3,3274,230
Season 09,Junker Queen,Tank,94,5,670,83460,46,0,166,72,7,3,16977,74754,3,21,702,91,909,0,16977,2,4419,904
Season 09,Junkrat,Damage,27,0,0,42163,13,0,56,29,3,2,0,33324,2,11,33,17,52,11,0,6,1789,258
Season 09,Kiriko,Support,108,6,133,46754,116,359,139,31,17,7,218293,38814,7,8,535,61,1719,105,0,3,12202,1633
Season 09,Lifeweaver,Support,19,2,126,7773,38,150,30,11,8,3,100880,6879,3,5,308,13,757,0,7133,1,5196,497
Season 09,Lúcio,Support,140,2,200,59112,108,147,176,31,16,5,110132,51792,5,11,948,71,1126,125,22841,1,9096,934
Season 09,Mauga,Tank,15,0,312,24633,15,13,24,9,1,0,3680,22786,0,9,46,8,55,14,2936,1,986,168
Season 09,Mei,Damage,138,0,0,396436,80,0,225,87,12,5,14939,109556,5,12,622,87,929,96,14939,8,8285,1490
Season 09,Mercy,Support,15,3,34,4286,43,169,24,9,9,6,96691,3521,6,5,114,9,250,86,8063,0,5620,937
Season 09,Moira,Support,580,0,0,251330,208,824,791,211,33,17,477420,229467,17,16,1681,372,2706,0,73228,8,23830,4208
Season 09,Orisa,Tank,20,2,155,34810,13,0,40,19,2,1,0,25371,1,15,145,22,193,10,0,3,1308,271
Season 09,Ramattra,Tank,11,0,71,13337,5,0,17,6,1,0,295,9339,0,9,84,10,93,5,0,0,554,169
Season 09,Reaper,Damage,123,24,2536,137830,57,0,244,121,11,7,21540,110128,7,13,572,95,887,0,21540,11,7217,1318
Season 09,Reinhardt,Tank,4,0,0,4679,5,0,6,2,0,0,0,4164,0,2,31,5,31,0,0,0,311,14
Season 09,Roadhog,Tank,2,1,37,5357,4,0,6,1,0,0,1477,4582,0,5,21,2,33,1,1477,0,245,37
Season 09,Sigma,Tank,122,0,0,147366,49,0,203,81,9,5,0,126536,5,16,656,87,1592,34,0,2,6402,1598
Season 09,Sojourn,Damage,47,2,453,70595,51,0,98,51,6,2,0,61861,2,13,201,37,429,0,0,4,4172,438
Season 09,Soldier 76,Damage,115,15,399,137721,72,36,243,128,9,4,19936,115900,4,17,345,84,655,0,10072,13,6959,1355
Season 09,Sombra,Damage,165,17,887,132092,95,0,287,122,12,5,1526,116135,5,12,332,85,740,109,0,26,9263,1379
Season 09,Symmetra,Damage,64,0,0,45069,22,0,80,16,3,2,215,39413,2,11,211,37,292,0,0,2,2698,476
Season 09,Torbjörn,Damage,74,15,127,77029,27,0,128,54,6,4,0,56692,4,18,117,39,216,0,0,9,3206,744
Season 09,Tracer,Damage,176,14,1912,147110,113,0,320,144,16,10,0,132437,10,15,634,103,825,0,16544,24,10412,1439
Season 09,Widowmaker,Damage,19,34,89,39620,41,0,69,50,5,1,0,36880,1,7,7,10,18,0,0,18,3270,346
Season 09,Winston,Tank,63,0,0,51421,32,0,98,35,4,1,0,47500,1,13,285,30,520,0,0,2,3156,546
Season 09,Wrecking Ball,Tank,3,0,4,459,0,0,3,0,0,0,0,419,0,3,10,3,10,0,0,0,33,0
Season 09,Zarya,Tank,79,0,0,75840,40,26,139,60,5,4,0,63062,4,13,663,80,820,16,0,1,3646,737
Season 09,Zenyatta,Support,53,5,43,34765,35,101,82,29,5,2,36521,26706,2,15,47,32,183,52,1373,1,3073,462
Season 10,Ana,Support,189,0,0,78682,121,344,236,47,20,11,259421,66179,11,10,347,98,1926,210,4059,6,15298,2324
Season 10,Ashe,Damage,188,61,362,235241,91,0,370,182,15,9,0,205692,9,23,294,105,727,0,0,36,10717,2068
Season 10,Baptiste,Support,95,8,211,67087,73,241,164,69,13,6,165380,53839,6,9,259,65,791,27,11291,5,8911,1342
Season 10,Bastion,Damage,87,5,180,120955,44,0,162,75,6,2,0,92443,2,13,179,67,448,0,0,9,4557,1145
Season 10,Brigitte,Support,83,0,0,38283,55,209,123,40,8,6,86247,35000,6,9,453,51,659,56,11276,2,4908,864
Season 10,Cassidy,Damage,292,75,570,390771,223,0,696,404,33,17,0,351513,17,17,1194,276,1728,0,0,62,20542,4154
Season 10,D.Va,Tank,2,1,58,2660,2,0,5,3,0,0,0,1421,0,3,12,3,12,0,0,1,171,26
Season 10,Doomfist,Tank,1,0,27,3139,1,0,4,2,0,0,300,2544,0,3,9,1,12,0,0,1,115,37
Season 10,Echo,Damage,63,2,260,77417,42,0,115,51,6,3,854,62076,3,9,109,41,316,0,0,11,4313,517
Season 10,Genji,Damage,5,0,3,2149,3,0,8,3,0,0,0,2055,0,6,24,3,24,0,0,0,243,10
Season 10,Hanzo,Damage,105,51,179,164241,79,0,281,176,11,5,0,137867,5,16,173,84,743,0,0,31,8225,1592
Season 10,Illari,Support,62,10,114,45995,45,0,108,46,6,3,89842,42370,3,18,129,46,458,9,5710,1,5135,692
Season 10,Junker Queen,Tank,4,1,33,4677,1,0,6,2,0,0,766,3965,0,6,1,0,1,0,766,0,154,1
Season 10,Junkrat,Damage,27,0,0,45909,28,0,61,34,3,2,0,40001,2,6,78,22,103,17,0,5,2156,350
Season 10,Kiriko,Support,84,19,127,43389,138,435,125,41,21,6,298928,36776,6,6,792,54,1831,148,0,5,15253,1707
Season 10,Lifeweaver,Support,12,0,67,4993,18,64,15,3,3,0,51258,4284,0,3,63,4,180,0,2122,1,2464,228
Season 10,Lúcio,Support,113,7,178,48169,64,126,155,40,10,8,78667,43774,8,19,550,64,706,106,16942,5,6380,937
Season 10,Mauga,Tank,6,1,220,13850,6,6,9,3,1,0,2628,11880,0,4,56,1,156,5,2024,0,515,131
Season 10,Mei,Damage,55,0,0,147407,33,0,84,29,4,2,8326,40968,2,11,408,45,483,38,8326,4,3221,645
Season 10,Mercy,Support,2,1,8,1103,5,31,3,1,1,0,15132,1103,0,1,32,2,87,13,1252,1,905,201
Season 10,Moira,Support,135,0,0,55728,51,217,173,38,9,4,139133,51060,4,13,357,68,584,0,18940,3,6055,994
Season 10,Orisa,Tank,5,1,21,5791,3,0,9,4,0,0,0,4785,0,5,12,5,52,3,0,0,253,71
Season 10,Pharah,Damage,1,0,0,3405,1,0,3,2,0,0,0,2466,0,3,0,1,0,0,0,1,119,34
Season 10,Ramattra,Tank,0,0,15,1016,2,0,0,0,0,0,0,838,0,0,4,0,4,0,0,0,53,0
Season 10,Reaper,Damage,134,29,3300,226768,76,0,315,181,12,6,29450,151456,6,17,810,123,1130,0,29450,25,8734,2213
Season 10,Reinhardt,Tank,7,0,0,18258,14,0,27,20,1,0,0,14464,0,12,66,9,165,1,0,2,837,261
Season 10,Roadhog,Tank,3,0,38,6802,2,0,6,2,1,0,3661,5988,0,4,58,2,66,2,3661,1,334,46
Season 10,Sigma,Tank,34,0,0,37588,14,0,48,14,3,1,0,32175,1,12,167,20,242,6,0,1,1681,258
Season 10,Sojourn,Damage,107,7,647,130916,56,0,208,101,10,7,0,105098,7,14,173,68,437,0,0,14,6267,1157
Season 10,Soldier 76,Damage,89,12,342,103849,54,30,163,74,7,2,14438,89987,2,16,179,47,382,0,7823,17,5101,911
Season 10,Sombra,Damage,145,8,770,107107,79,0,208,63,10,5,3516,97137,5,19,296,67,573,82,0,10,7184,908
Season 10,Symmetra,Damage,46,0,0,44882,33,0,74,28,3,2,369,37512,2,16,185,35,527,0,0,0,2650,481
Season 10,Torbjörn,Damage,0,0,4,2054,1,0,0,0,0,0,0,1159,0,0,0,0,0,0,0,0,80,0
Season 10,Tracer,Damage,43,5,647,41755,27,0,88,45,4,3,0,38063,3,12,143,28,188,0,4219,8,3031,382
Season 10,Venture,Damage,4,0,0,7459,4,0,9,5,1,1,0,6260,1,8,27,1,27,0,0,1,403,45
Season 10,Widowmaker,Damage,33,28,65,28438,26,0,69,36,3,1,0,24604,1,11,11,9,96,0,0,11,2370,275
Season 10,Winston,Tank,19,0,0,15829,7,0,34,15,2,1,0,14125,1,14,30,9,68,0,0,0,812,98
Season 10,Wrecking Ball,Tank,0,0,0,0,0,0,0,0,0,0,0,0,0,0,0,0,0,0,0,0,3,0
Season 10,Zarya,Tank,10,0,0,8650,2,1,18,8,1,0,0,7664,0,9,82,10,129,0,0,1,358,76
Season 10,Zenyatta,Support,3,0,0,2551,3,6,5,2,0,0,1039,1975,0,5,1,3,35,2,0,0,182,48
Season 11,Ana,Support,87,0,0,31467,37,117,105,18,8,5,85908,24176,5,8,64,41,738,76,1648,1,5245,927
Season 11,Ashe,Damage,214,56,399,284732,108,0,407,193,18,10,0,242675,10,17,322,117,1070,0,0,32,12943,2281
Season 11,Baptiste,Support,21,2,53,14060,30,50,29,8,4,1,39544,10794,1,10,38,10,50,9,2948,1,2516,180
Season 11,Bastion,Damage,100,5,212,176275,49,0,197,97,7,4,0,110221,4,14,150,97,1035,0,0,4,5592,1389
Season 11,Brigitte,Support,45,0,0,19087,33,107,64,19,4,2,45997,17418,2,15,229,17,258,32,4947,0,2656,494
Season 11,Cassidy,Damage,139,28,218,164129,87,0,305,166,15,8,0,143977,8,13,664,123,767,0,0,23,9249,1760
Season 11,Echo,Damage,29,3,107,25917,11,0,48,19,3,1,356,21665,1,13,171,24,244,0,0,2,1592,267
Season 11,Hanzo,Damage,46,24,89,81084,31,0,105,59,5,4,0,62250,4,15,73,43,369,0,0,11,3621,806
Season 11,Illari,Support,7,1,15,7722,11,0,11,4,1,0,9599,6094,0,2,33,4,33,0,552,1,745,41
Season 11,Junkrat,Damage,4,0,0,5819,5,0,4,0,0,0,0,5084,0,3,9,0,10,3,0,0,293,15
Season 11,Kiriko,Support,51,7,54,20747,58,208,71,20,8,4,106203,18249,4,8,472,38,849,71,0,1,6071,774
Season 11,Lifeweaver,Support,5,0,49,2187,18,26,7,2,2,1,25031,1541,1,4,49,2,104,0,1554,0,1481,178
Season 11,Lúcio,Support,46,1,63,19964,22,64,54,8,4,3,34183,15226,3,7,329,26,362,42,6070,0,2484,428
Season 11,Mei,Damage,1,0,0,16072,3,0,4,3,1,0,790,4757,0,3,8,0,32,1,790,0,349,26
Season 11,Mercy,Support,7,0,12,2372,17,106,10,3,3,2,44762,1788,2,2,23,3,198,35,3244,0,2517,575
Season 11,Moira,Support,82,0,0,36984,31,133,113,31,7,3,89509,33271,3,10,297,50,314,0,12690,1,4169,900
Season 11,Pharah,Damage,2,0,0,4500,1,0,8,5,0,0,0,3836,0,8,23,5,25,0,0,2,191,102
Season 11,Ramattra,Tank,17,0,118,18306,5,0,29,12,1,1,0,14560,1,13,64,15,169,8,0,1,661,156
Season 11,Reaper,Damage,44,12,1032,67341,27,0,99,55,4,2,8468,44784,2,22,191,31,430,0,8468,11,3073,615
Season 11,Sigma,Tank,0,0,0,499,1,0,0,0,0,0,0,325,0,0,0,0,0,0,0,0,25,0
Season 11,Sojourn,Damage,66,3,493,70207,40,0,103,37,6,2,0,60723,2,10,136,37,298,0,0,3,3601,622
Season 11,Soldier 76,Damage,61,6,220,91496,36,15,127,66,6,3,9420,70390,3,17,196,36,360,0,5796,13,3978,824
Season 11,Sombra,Damage,8,0,64,9525,7,0,19,11,1,0,22,8764,0,6,59,7,77,3,0,3,770,61
Season 11,Symmetra,Damage,10,0,0,7190,5,0,14,4,1,0,130,6200,0,5,22,3,39,0,0,0,529,40
Season 11,Tracer,Damage,13,3,310,15684,18,0,24,11,2,0,0,13759,0,5,43,11,56,0,2063,1,1274,77
Season 11,Widowmaker,Damage,87,99,225,97241,97,0,240,153,12,5,0,87939,5,13,23,49,338,0,0,50,8066,1169
Season 11,Zenyatta,Support,0,0,1,894,2,0,0,0,0,0,97,894,0,0,0,0,0,0,0,0,85,0
Season 12,Ana,Support,40,0,0,26220,29,93,51,11,6,2,76318,17644,2,7,59,28,635,52,1502,1,4469,639
Season 12,Ashe,Damage,337,78,633,455508,214,0,660,319,29,16,0,378829,16,17,780,177,1951,0,0,51,21253,3703
Season 12,Baptiste,Support,3,0,11,2392,6,10,3,0,1,0,8987,1953,0,2,17,0,43,0,861,0,484,29
Season 12,Bastion,Damage,49,6,111,73704,29,0,84,35,3,1,0,47992,1,14,121,36,365,0,0,1,2595,498
Season 12,Brigitte,Support,15,0,0,7607,17,45,20,5,2,1,18566,7300,1,6,39,10,156,11,2403,0,1364,178
Season 12,Cassidy,Damage,397,94,760,516117,321,0,859,462,49,22,0,455913,22,13,1498,318,2551,0,0,54,29252,4818
Season 12,D.Va,Tank,8,0,223,8666,4,0,9,1,0,0,0,4438,0,6,57,1,57,0,0,0,382,91
Season 12,Doomfist,Tank,7,0,48,4465,2,0,11,4,0,0,196,4115,0,6,21,4,21,0,0,0,187,29
Season 12,Echo,Damage,66,3,263,62089,38,0,111,45,5,2,545,51031,2,10,100,36,303,0,0,5,3848,478
Season 12,Genji,Damage,78,3,142,68083,47,0,142,64,8,3,0,59136,3,10,239,52,387,0,0,7,4918,660
Season 12,Hanzo,Damage,93,37,116,126641,73,0,207,114,12,7,0,97820,7,17,178,71,646,0,0,16,6965,1264
Season 12,Illari,Support,22,1,15,13203,10,0,30,8,2,1,28380,10253,1,6,18,11,76,4,1086,0,1534,209
Season 12,Junker Queen,Tank,39,5,402,42558,15,0,83,44,4,3,9318,37636,3,18,226,33,276,0,9318,6,1916,542
Season 12,Junkrat,Damage,0,0,0,1683,2,0,2,2,0,0,0,1022,0,1,2,1,2,0,0,0,61,0
Season 12,Juno,Support,468,0,0,224462,209,0,631,163,41,28,497966,178160,28,13,872,263,2692,0,0,11,26986,3911
Season 12,Kiriko,Support,34,3,45,19185,36,120,50,16,5,2,71432,16706,2,9,169,23,337,45,0,1,3939,489
Season 12,Lifeweaver,Support,14,1,47,4049,13,46,15,1,2,1,29450,2492,1,6,83,9,274,0,1816,0,1642,95
Season 12,Lúcio,Support,5,0,7,4201,8,8,6,1,1,0,8568,2779,0,3,45,4,99,6,1498,0,518,62
Season 12,Mei,Damage,142,0,0,291354,48,0,213,71,9,6,12083,85964,6,15,648,102,1079,92,12083,5,6098,1375
Season 12,Mercy,Support,2,0,10,947,15,34,3,1,2,1,31833,767,1,2,11,0,84,11,1741,0,1393,302
Season 12,Moira,Support,61,0,0,28300,37,104,80,19,5,2,62728,25217,2,10,178,42,308,0,8453,2,3356,527
Season 12,Orisa,Tank,5,1,20,3396,0,0,8,3,0,0,0,2182,0,8,39,8,44,3,0,1,84,51
Season 12,Ramattra,Tank,13,1,86,14988,4,0,27,14,1,1,0,12299,1,13,56,12,70,5,0,1,606,145
Season 12,Reaper,Damage,129,19,2509,156709,63,0,248,119,11,6,19742,105070,6,21,629,81,1007,0,19742,8,7127,1476
Season 12,Reinhardt,Tank,21,0,0,22981,8,0,45,24,2,2,0,19064,2,14,69,7,85,10,0,1,1100,386
Season 12,Roadhog,Tank,0,0,4,322,1,0,0,0,0,0,251,322,0,0,7,0,7,0,251,0,65,0
Season 12,Sigma,Tank,45,0,0,62899,19,0,77,32,3,3,0,43676,3,15,248,47,625,7,0,1,2290,578
Season 12,Sojourn,Damage,85,5,667,94138,56,0,150,65,8,3,0,74536,3,20,192,51,477,0,0,13,5016,899
Season 12,Soldier 76,Damage,128,13,547,174280,78,42,235,107,12,5,19578,144550,5,20,294,82,747,0,11239,12,8442,1517
Season 12,Sombra,Damage,732,97,3597,505520,397,0,1349,616,52,27,13532,432329,27,19,1319,403,3113,449,0,128,39049,6023
Season 12,Symmetra,Damage,127,0,0,110505,70,0,205,78,9,4,681,98323,4,14,321,79,648,0,0,10,6160,1190
Season 12,Torbjörn,Damage,20,3,52,34417,10,0,38,18,2,1,0,22624,1,22,43,13,43,0,0,2,1179,249
Season 12,Tracer,Damage,146,9,1706,91769,82,0,243,97,13,6,0,80787,6,15,509,96,641,0,9470,13,7361,861
Season 12,Venture,Damage,13,0,0,9003,5,0,19,4,1,1,0,8415,1,7,31,5,36,0,0,0,604,64
Season 12,Widowmaker,Damage,94,100,278,103962,82,0,243,149,11,6,0,95595,6,12,34,48,386,0,0,45,8325,1052
Season 12,Winston,Tank,20,0,0,12184,0,0,30,10,1,1,0,10650,1,14,44,7,158,0,0,3,598,200
Season 12,Zarya,Tank,6,0,0,2477,2,2,7,1,0,0,0,2477,0,7,15,6,19,2,0,0,155,22
Season 12,Zenyatta,Support,18,2,22,24044,9,38,28,10,2,1,14671,15010,1,12,22,15,178,16,262,0,1257,350
Season 13,Ana,Support,100,0,0,46668,59,183,118,18,10,5,136209,37255,5,7,142,48,1113,109,2750,0,8228,1084
Season 13,Ashe,Damage,131,29,234,188568,97,0,239,108,12,6,0,160406,6,17,162,90,894,0,0,18,9147,1381
Season 13,Baptiste,Support,29,4,56,19778,23,70,47,18,3,2,38964,13936,2,7,118,17,332,10,2940,1,2436,404
Season 13,Bastion,Damage,143,6,231,213275,65,0,275,132,10,5,0,145703,5,22,286,120,904,0,0,13,7097,1616
Season 13,Brigitte,Support,150,0,0,78894,115,409,208,56,19,10,177624,72035,10,11,826,71,1240,117,20822,4,10958,1267
Season 13,Cassidy,Damage,108,26,208,153417,98,0,243,135,14,6,0,137355,6,17,258,92,661,0,0,18,9093,1422
Season 13,D.Va,Tank,0,0,51,2346,1,0,2,2,0,0,0,1050,0,2,52,0,52,0,0,0,82,37
Season 13,Doomfist,Tank,4,1,47,5616,4,0,9,5,1,0,284,5616,0,4,15,2,27,0,0,0,317,6
Season 13,Echo,Damage,25,1,83,25770,16,0,39,14,2,1,107,19664,1,8,91,14,138,0,0,2,1398,179
Season 13,Genji,Damage,19,2,46,23335,18,0,36,17,2,0,0,17855,0,6,52,7,76,0,0,2,1594,144
Season 13,Hanzo,Damage,28,22,48,54765,25,0,77,49,4,2,0,44615,2,8,27,22,229,0,0,12,2721,427
Season 13,Illari,Support,27,3,34,13133,17,0,38,11,2,1,31127,12162,1,10,41,13,41,5,1517,2,1820,173
Season 13,Junker Queen,Tank,2,0,41,5196,4,0,8,6,0,0,1162,5060,0,6,40,6,139,0,1162,0,255,39
Season 13,Junkrat,Damage,9,0,0,14833,6,0,15,6,1,0,0,9333,0,9,35,4,48,1,0,0,539,77
Season 13,Juno,Support,78,0,0,36999,60,0,101,23,8,2,84965,31156,2,9,250,40,644,0,0,0,5857,579
Season 13,Kiriko,Support,30,4,34,18909,38,84,43,13,5,1,61309,14676,1,6,157,13,397,31,0,4,3489,469
Season 13,Lúcio,Support,8,0,19,4340,7,8,10,2,1,0,9354,3894,0,4,63,7,78,5,1625,0,659,71
Season 13,Mei,Damage,23,0,0,72458,11,0,42,19,2,1,1905,18097,1,11,138,20,272,17,1905,2,1350,213
Season 13,Mercy,Support,2,0,1,516,7,36,4,2,2,2,17766,356,2,2,39,2,60,11,633,0,1062,237
Season 13,Moira,Support,15,0,0,6015,9,27,19,4,2,0,16524,5075,0,5,103,11,106,0,2801,0,822,121
Season 13,Pharah,Damage,80,0,0,106121,56,0,183,97,8,5,0,88320,5,18,79,40,322,0,0,10,5522,942
Season 13,Reaper,Damage,49,15,1127,69192,28,0,124,75,5,4,7140,47676,4,11,123,37,243,0,7140,13,3284,642
Season 13,Reinhardt,Tank,5,0,0,3614,3,0,5,0,0,0,0,3614,0,2,2,0,13,4,0,0,233,0
Season 13,Sigma,Tank,16,0,0,17454,3,0,28,12,1,1,0,13325,1,20,28,8,65,3,0,1,538,198
Season 13,Sojourn,Damage,122,9,736,123349,59,0,225,103,11,5,0,103259,5,17,335,89,484,0,0,20,6410,1243
Season 13,Soldier 76,Damage,297,39,1047,356593,159,83,610,313,28,13,48971,298389,13,19,574,204,1518,0,27544,33,17953,3156
Season 13,Sombra,Damage,330,41,1662,232422,183,0,597,267,25,13,5737,206395,13,16,650,187,1690,168,0,41,17405,2891
Season 13,Symmetra,Damage,75,0,0,82432,54,0,142,67,7,4,620,72822,4,12,256,54,543,0,0,14,4924,949
Season 13,Torbjörn,Damage,8,1,11,16994,7,0,13,5,2,1,0,13321,1,8,19,4,32,0,0,1,777,108
Season 13,Tracer,Damage,13,2,157,11616,15,0,26,13,2,1,0,10457,1,6,57,8,155,0,1540,2,1127,84
Season 13,Venture,Damage,168,0,0,159602,98,0,324,155,18,8,0,142219,8,19,777,123,1185,0,0,24,10461,1818
Season 13,Widowmaker,Damage,60,91,202,72867,71,0,185,125,9,6,0,67097,6,11,26,22,195,0,0,58,6552,875
Season 13,Winston,Tank,10,0,0,13924,8,0,22,12,1,0,0,13148,0,5,116,7,116,0,0,1,781,163
Season 13,Zarya,Tank,4,0,0,5571,3,4,9,5,0,0,0,4491,0,5,146,7,146,2,0,0,305,112
Season 13,Zenyatta,Support,4,1,7,7021,5,16,9,5,1,0,6509,5444,0,4,7,2,15,6,76,1,476,62
Season 14,Ana,Support,70,0,0,49695,51,159,111,41,10,6,133978,37687,6,8,107,50,1100,84,3786,2,8095,1314
Season 14,Ashe,Damage,53,14,82,71487,26,0,111,58,4,3,0,59317,3,11,67,28,279,0,0,12,3097,399
Season 14,Baptiste,Support,9,0,26,12200,14,22,17,8,2,1,13659,7856,1,5,14,2,33,5,1734,0,1224,83
Season 14,Bastion,Damage,8,0,28,15652,8,0,15,7,1,0,0,10175,0,6,11,7,49,0,0,1,529,116
Season 14,Brigitte,Support,131,0,0,73900,91,326,190,58,14,6,132753,60429,6,8,495,70,893,91,15876,3,8844,1425
Season 14,Cassidy,Damage,47,14,75,65440,43,0,133,86,7,4,0,57995,4,12,145,41,413,0,0,7,4039,765
Season 14,Echo,Damage,17,0,64,27301,12,0,33,16,2,2,380,19905,2,9,56,6,60,0,0,5,1343,149
Season 14,Genji,Damage,40,2,79,36090,18,0,77,37,4,2,0,27749,2,14,120,15,191,0,0,2,2066,418
Season 14,Hanzo,Damage,19,14,44,43130,21,0,53,34,2,1,0,31843,1,8,22,18,99,0,0,6,1982,270
Season 14,Illari,Support,17,4,39,16800,19,0,31,14,3,2,33287,14914,2,4,20,10,73,3,1842,2,2199,126
Season 14,Junkrat,Damage,14,0,0,8882,4,0,17,3,1,1,0,7680,1,12,12,3,18,6,0,0,454,121
Season 14,Juno,Support,44,0,0,21419,23,0,66,22,4,1,40084,16219,1,9,123,27,197,0,0,2,2875,552
Season 14,Kiriko,Support,82,20,107,59266,68,277,142,60,12,7,141037,47677,7,9,430,67,1242,85,0,4,8644,1474
Season 14,Lifeweaver,Support,4,1,16,2084,4,31,6,2,1,1,14365,1898,1,4,15,1,40,0,1093,0,798,31
Season 14,Lúcio,Support,21,0,46,14433,23,32,29,8,3,0,22773,12761,0,7,257,10,279,20,5303,0,2199,114
Season 14,Mei,Damage,24,0,0,60539,14,0,42,18,2,1,3421,19389,1,10,121,19,149,16,3421,1,1319,221
Season 14,Mercy,Support,1,0,2,500,13,13,1,0,1,1,16342,260,1,1,15,0,46,3,1053,0,1071,162
Season 14,Moira,Support,101,0,0,60603,49,117,139,38,7,4,84545,52848,4,11,375,67,610,0,17549,4,4900,934
Season 14,Pharah,Damage,36,0,0,50126,19,0,89,53,4,3,0,41671,3,10,21,16,122,0,0,9,2409,460
Season 14,Reaper,Damage,22,7,616,39160,20,0,56,34,2,1,4218,26375,1,9,189,28,264,0,4218,4,1787,409
Season 14,Sojourn,Damage,244,23,2044,331089,147,0,578,334,26,16,0,272402,16,19,361,171,1236,0,0,51,15913,3181
Season 14,Soldier 76,Damage,31,5,121,42545,22,13,57,26,2,1,4648,33497,1,8,26,16,93,0,2646,3,1905,292
Season 14,Sombra,Damage,235,21,1001,164247,117,0,402,166,17,8,5767,145868,8,14,482,119,1026,127,0,17,11116,1916
Season 14,Symmetra,Damage,39,0,0,41626,24,0,77,38,4,2,437,36742,2,11,157,41,525,0,0,5,2529,452
Season 14,Torbjörn,Damage,0,0,0,509,1,0,0,0,0,0,0,244,0,0,0,0,0,0,0,0,58,0
Season 14,Tracer,Damage,25,1,226,18618,11,0,50,25,2,1,0,17452,1,11,67,16,89,0,2181,2,1362,274
Season 14,Widowmaker,Damage,14,14,25,11142,11,0,34,20,2,1,0,10911,1,7,1,9,59,0,0,6,1135,176
Season 14,Zenyatta,Support,58,2,44,34832,19,115,76,18,4,2,35949,25235,2,13,138,36,590,54,917,1,2810,651
Season 15,Ana,Support,64,0,0,43416,53,110,87,23,8,4,91513,33914,4,11,97,33,665,65,2038,0,5945,968
Season 15,Ashe,Damage,409,95,741,509533,220,0,794,383,31,18,0,436078,18,16,400,196,2462,0,0,66,23693,4342
Season 15,Bastion,Damage,33,2,77,82704,21,0,71,38,3,1,92,51006,1,13,36,22,229,0,0,5,2458,587
Season 15,Brigitte,Support,50,0,0,25319,36,125,79,29,7,5,54699,23268,5,15,151,21,249,38,6257,4,3624,521
Season 15,Cassidy,Damage,451,92,667,584701,324,0,1013,562,51,29,0,485263,29,17,1728,377,2539,0,0,75,31654,6333
Season 15,D.Va,Tank,3,0,215,6752,5,0,10,7,0,0,0,5808,0,4,19,1,19,0,0,1,383,12
Season 15,Doomfist,Tank,8,1,93,11479,12,0,16,6,1,0,334,10496,0,5,112,8,132,0,0,0,843,110
Season 15,Echo,Damage,5,0,94,17458,9,0,16,11,2,0,113,15540,0,5,28,5,136,0,0,2,1006,158
Season 15,Genji,Damage,74,7,184,76532,49,0,133,59,7,1,713,61922,1,15,229,47,328,0,0,10,4668,693
Season 15,Hanzo,Damage,64,31,98,102463,65,0,186,122,8,4,0,88255,4,15,88,50,259,0,0,25,5888,999
Season 15,Illari,Support,40,2,55,27153,30,0,54,14,3,1,61542,21179,1,7,57,20,321,6,2774,3,3211,330
Season 15,Junker Queen,Tank,203,22,1894,200113,92,0,365,161,15,9,44138,171649,9,21,934,152,1384,0,39425,14,9457,2208
Season 15,Junkrat,Damage,5,0,0,5897,2,0,10,5,1,1,0,4780,1,6,0,2,4,1,0,2,380,36
Season 15,Juno,Support,143,0,0,56904,68,0,191,48,12,7,137319,42396,7,14,464,77,1074,0,0,0,8039,1242
Season 15,Kiriko,Support,92,18,114,66367,68,272,152,60,13,7,167613,52499,7,10,370,49,1105,89,0,3,9352,1303
Season 15,Lifeweaver,Support,11,0,58,2869,11,45,14,3,2,1,30384,2551,1,4,130,9,375,0,2487,0,1483,171
Season 15,Lúcio,Support,13,0,15,6202,5,19,21,8,2,2,10727,4166,2,8,60,9,101,11,2209,0,796,130
Season 15,Mei,Damage,140,0,0,322514,59,0,218,78,9,4,11828,92121,4,10,466,98,1151,90,11828,4,6366,1276
Season 15,Mercy,Support,3,0,8,830,14,21,3,0,2,0,14951,750,0,2,12,0,117,7,1224,0,1129,89
Season 15,Moira,Support,88,0,0,37481,34,120,124,36,6,3,61568,34991,3,13,352,53,519,0,9638,5,3622,615
Season 15,Pharah,Damage,65,0,0,82492,46,0,144,78,6,4,0,67189,4,11,101,26,444,0,0,20,4207,703
Season 15,Ramattra,Tank,101,6,1261,129113,45,0,180,79,6,3,2815,107880,3,17,493,66,1078,27,0,7,4767,1176
Season 15,Reaper,Damage,32,7,548,30166,15,0,54,22,3,1,4706,22642,1,11,79,15,132,0,4706,5,1720,305
Season 15,Reinhardt,Tank,0,0,0,0,0,0,0,0,0,0,0,0,0,0,0,0,0,0,0,0,5,0
Season 15,Roadhog,Tank,1,0,27,3682,2,0,2,1,0,0,2535,2891,0,2,46,1,46,1,2535,0,215,27
Season 15,Sigma,Tank,42,0,0,73206,25,0,87,45,4,2,0,58517,2,14,188,30,444,12,0,2,2998,665
Season 15,Sojourn,Damage,539,55,3779,680051,315,0,1122,583,51,27,0,544419,27,21,949,383,2522,0,0,64,32614,6371
Season 15,Soldier 76,Damage,98,6,278,116462,52,28,190,92,7,4,15165,93669,4,12,185,66,454,0,9116,5,5530,821
Season 15,Sombra,Damage,483,50,2131,339274,228,0,754,271,31,13,22530,288965,13,18,857,241,2432,272,0,36,23390,3749
Season 15,Symmetra,Damage,190,0,0,153448,65,0,303,113,13,9,1700,123476,9,13,335,86,873,0,0,14,8054,1611
Season 15,Torbjörn,Damage,2,2,11,10331,4,0,7,5,1,0,0,8377,0,5,0,1,0,0,0,2,452,109
Season 15,Tracer,Damage,8,3,336,16708,15,0,22,14,2,0,0,14836,0,5,60,12,65,0,1969,2,1275,76
Season 15,Venture,Damage,38,0,0,29169,25,0,64,24,4,3,0,25713,3,8,126,17,157,0,0,4,2294,242
Season 15,Widowmaker,Damage,45,41,124,41481,36,0,104,59,5,3,0,36407,3,9,8,23,206,0,0,17,3439,508
Season 15,Winston,Tank,79,0,0,62502,21,0,128,49,5,3,1744,53620,3,16,217,34,675,0,0,5,2899,712
Season 15,Wrecking Ball,Tank,2,0,16,1491,3,0,2,0,0,0,0,1261,0,1,10,0,10,0,0,0,108,0
Season 15,Zarya,Tank,19,0,0,30221,10,16,46,27,1,1,0,22178,1,13,128,19,385,1,0,2,1084,220
Season 15,Zenyatta,Support,8,0,10,6570,6,9,10,2,1,0,6732,5021,0,4,7,2,96,7,200,1,480,117
Season 16,Ana,Support,90,0,0,55088,60,144,114,24,11,5,126285,42415,5,9,108,44,1307,76,2409,2,8148,1327
Season 16,Ashe,Damage,131,37,280,202732,103,0,275,144,14,6,0,173665,6,18,212,85,1302,0,0,18,10243,1724
Season 16,Baptiste,Support,31,3,50,13174,16,88,50,19,4,3,48213,11693,3,7,30,16,222,12,2634,0,2435,464
Season 16,Bastion,Damage,19,0,16,23130,8,0,32,13,1,1,0,17324,1,14,11,8,163,0,0,1,906,268
Season 16,Brigitte,Support,32,0,0,27134,34,119,49,17,8,5,53996,20648,5,8,170,18,242,23,5804,1,3539,293
Season 16,Cassidy,Damage,265,54,370,326603,200,0,569,304,32,17,3423,279049,17,18,966,221,2042,0,0,43,19063,3109
Season 16,Echo,Damage,0,0,2,549,1,0,0,0,0,0,0,300,0,0,0,0,0,0,0,0,54,0
Season 16,Freja,Damage,0,0,0,2125,2,0,1,1,0,0,0,1885,0,1,5,0,11,0,0,0,232,0
Season 16,Genji,Damage,12,0,21,9620,8,0,19,7,1,1,298,8150,1,6,27,3,37,0,0,0,644,66
Season 16,Hanzo,Damage,44,23,48,53357,22,0,94,50,4,2,0,41722,2,17,38,26,210,0,0,8,2880,540
Season 16,Illari,Support,11,1,15,4588,3,0,19,8,1,1,11846,4320,1,9,1,6,1,1,676,2,647,75
Season 16,Juno,Support,85,0,0,33174,38,0,109,24,7,4,84066,24181,4,11,271,35,473,0,0,3,5104,657
Season 16,Kiriko,Support,55,13,68,40719,63,173,89,34,12,5,115029,29967,5,6,393,32,746,60,0,5,7134,1003
Season 16,Lifeweaver,Support,5,0,22,811,4,13,6,1,1,1,10555,811,1,6,2,2,2,0,749,0,572,30
Season 16,Lúcio,Support,16,1,45,13302,17,28,32,15,3,1,16906,9740,1,7,136,9,162,16,3925,0,1560,271
Season 16,Mei,Damage,24,0,0,80988,16,0,36,12,2,1,2101,23720,1,7,64,11,219,15,2101,1,1699,229
Season 16,Mercy,Support,1,0,3,160,12,31,1,0,2,0,25502,160,0,1,19,0,28,9,1670,0,1401,213
Season 16,Moira,Support,50,0,0,39306,33,72,74,24,5,2,55052,35026,2,8,201,31,240,0,11774,2,3288,383
Season 16,Pharah,Damage,11,0,0,22464,12,0,29,18,2,1,0,19142,1,7,22,7,59,0,0,1,1105,195
Season 16,Reaper,Damage,19,4,249,14061,4,0,38,19,2,2,2265,11710,2,11,77,11,169,0,2265,1,843,202
Season 16,Sojourn,Damage,167,7,1062,193612,119,0,323,156,17,7,0,161654,7,13,439,86,1312,0,0,22,11215,1675
Season 16,Soldier 76,Damage,102,11,367,102742,57,34,192,90,8,4,15339,95322,4,11,74,44,278,0,9319,9,5846,858
Season 16,Sombra,Damage,16,2,80,11614,10,0,28,12,1,1,260,10564,1,14,26,12,30,10,0,0,764,95
Season 16,Symmetra,Damage,43,0,0,46699,32,0,77,34,4,2,107,42106,2,9,164,28,544,0,0,3,3007,589
Season 16,Tracer,Damage,124,9,1417,89751,53,0,210,86,11,6,0,76071,6,13,528,74,606,0,9895,19,6681,1015
Season 16,Venture,Damage,3,0,0,1590,2,0,4,1,0,0,0,1438,0,3,25,3,27,0,0,0,177,9
Season 16,Widowmaker,Damage,5,4,10,5316,8,0,13,8,1,1,0,5107,1,6,1,2,5,0,0,3,606,55
Season 16,Zenyatta,Support,0,0,0,538,1,0,0,0,0,0,382,538,0,0,0,0,0,0,0,0,44,0
Season 17,Ana,Support,71,0,0,31958,39,120,88,17,8,6,82835,23113,6,9,49,25,641,62,1417,4,5325,613
Season 17,Ashe,Damage,118,18,157,129797,75,0,231,113,11,5,0,114929,5,11,159,80,989,0,0,9,7169,1090
Season 17,Baptiste,Support,17,1,21,8536,14,34,20,3,2,1,20370,5984,1,6,13,7,73,2,1079,0,1486,67
Season 17,Bastion,Damage,7,0,26,10316,1,0,15,8,1,1,0,8901,1,11,5,2,5,0,0,0,393,98
Season 17,Brigitte,Support,19,0,0,16526,25,67,34,15,2,1,36506,12440,1,6,118,13,306,16,3750,0,2252,267
Season 17,Cassidy,Damage,85,15,113,104064,69,0,160,75,10,4,1233,88327,4,13,247,72,496,0,0,13,6091,877
Season 17,D.Va,Tank,4,1,272,7762,4,0,9,5,1,0,869,6575,0,5,29,4,58,0,0,0,398,105
Season 17,Doomfist,Tank,53,11,638,56019,32,0,121,68,5,2,1951,48006,2,19,304,47,424,0,0,15,3296,674
Season 17,Genji,Damage,3,1,3,2317,4,0,4,1,0,0,0,1623,0,2,10,0,13,0,0,0,209,0
Season 17,Hanzo,Damage,9,5,13,16535,10,0,21,12,1,0,0,9251,0,4,3,1,85,0,0,3,989,83
Season 17,Hazard,Tank,1,0,0,6205,2,0,3,2,0,0,0,2708,0,2,20,0,20,0,0,0,192,0
Season 17,Illari,Support,5,0,4,2790,0,0,6,1,0,0,3466,1756,0,6,1,2,1,0,240,0,240,15
Season 17,Junker Queen,Tank,4,1,62,5005,5,0,7,3,0,0,672,4709,0,3,24,3,30,0,629,0,286,36
Season 17,Junkrat,Damage,25,0,0,30073,14,0,43,18,2,2,0,21856,2,7,29,9,46,13,0,3,1518,193
Season 17,Juno,Support,21,0,0,7109,7,0,24,3,1,1,18692,4426,1,9,4,10,41,0,0,0,923,132
Season 17,Kiriko,Support,1,0,0,917,0,14,4,3,0,0,4079,197,0,4,23,2,23,0,0,0,202,22
Season 17,Lifeweaver,Support,5,1,53,3306,13,41,9,4,2,0,25488,2029,0,3,10,2,88,0,1775,1,1482,79
Season 17,Lúcio,Support,89,3,104,39818,52,108,117,25,9,5,56809,33763,5,10,209,32,279,84,10427,1,5107,435
Season 17,Mei,Damage,9,0,0,19895,3,0,14,5,1,0,476,4868,0,7,14,3,14,4,476,2,428,65
Season 17,Mercy,Support,6,0,0,20,1,5,0,0,0,0,2370,20,0,0,1,0,13,2,15,0,177,53
Season 17,Moira,Support,21,0,0,8442,9,26,24,3,2,1,21117,7995,1,8,45,8,69,0,2896,0,965,106
Season 17,Pharah,Damage,5,0,0,11352,6,0,14,9,1,0,0,10412,0,9,1,0,3,0,0,1,635,57
Season 17,Ramattra,Tank,23,1,302,37723,10,0,46,23,1,0,2417,30023,0,12,184,20,346,5,0,1,1419,371
Season 17,Reaper,Damage,22,1,304,18229,13,0,34,12,2,1,2081,12068,1,8,71,14,267,0,2081,2,1223,97
Season 17,Reinhardt,Tank,1,0,0,4543,4,0,7,6,0,0,0,4543,0,5,14,3,14,0,0,0,260,35
Season 17,Roadhog,Tank,3,1,57,5533,3,0,5,2,0,0,2702,3655,0,5,7,2,12,0,2702,0,229,30
Season 17,Sigma,Tank,10,0,0,10190,3,0,16,6,2,1,0,8518,1,15,32,6,68,5,0,0,493,111
Season 17,Sojourn,Damage,54,4,222,50183,23,0,88,34,4,0,0,38684,0,12,57,29,187,0,0,4,2592,402
Season 17,Soldier 76,Damage,16,7,61,20863,9,4,30,14,2,1,2504,15328,1,7,6,10,41,0,2128,2,968,118
Season 17,Sombra,Damage,8,1,92,18037,16,0,17,9,2,0,655,16816,0,4,38,6,60,9,0,3,1531,112
Season 17,Symmetra,Damage,39,0,0,36761,12,0,67,28,3,2,563,25175,2,14,57,14,272,0,0,2,1836,385
Season 17,Tracer,Damage,63,8,762,41067,34,0,100,37,7,3,0,34375,3,9,127,27,164,0,4429,6,3419,306
Season 17,Venture,Damage,25,0,0,22342,14,0,42,16,2,1,0,20304,1,6,89,15,110,0,0,1,1430,206
Season 17,Widowmaker,Damage,1,1,1,1008,0,0,3,2,0,0,0,1008,0,3,1,2,1,0,0,0,107,0
Season 17,Winston,Tank,0,0,0,87,0,0,0,0,0,0,0,0,0,0,0,0,0,0,0,0,10,0
